{
  "title": "Untitled Project (fork)",
  "description": "",
  "head": "<meta charset=\"UTF-8\" />\n<meta name=\"viewport\" content=\"width=device-width, initial-scale=1.0\" />",
  "htmlAttrs": "lang=\"en\" class=\"\"",
  "tags": [],
  "autoupdate": true,
  "autosave": false,
  "autotest": false,
  "delay": 1500,
  "formatOnsave": false,
  "view": "split",
  "mode": "full",
  "theme": "dark",
  "layout": "responsive",
  "recoverUnsaved": true,
  "showSpacing": false,
  "welcome": true,
  "readonly": false,
  "allowLangChange": true,
  "activeEditor": "script",
  "markup": {
    "language": "html",
    "content": ""
  },
  "style": {
    "language": "css",
    "content": ""
  },
  "script": {
    "language": "react-native",
    "content": "import React from 'react';\n\nfunction App() {\n  // Стили для контейнера\n  const appStyle = {\n    backgroundColor: '#1E90FF', // Синий цвет фона\n    width: '100vw',\n    height: '100vh',\n    display: 'flex',\n    justifyContent: 'center',\n    alignItems: 'center',\n    margin: 0,\n    padding: 0,\n    gap: '50px', // Расстояние между кубиком и прямоугольником\n  };\n\n  // Стили для кубика (квадрата)\n  const cubeStyle = {\n    width: '100px',\n    height: '100px',\n    backgroundColor: 'black',\n    position: 'relative',\n  };\n\n  // Стили для треугольника внутри кубика\n  const triangleStyle = {\n    width: '0',\n    height: '0',\n    borderLeft: '25px solid transparent',\n    borderRight: '25px solid transparent',\n    borderBottom: '50px solid white', // Цвет треугольника\n    position: 'absolute',\n    top: '25px',\n    left: '25px',\n  };\n\n  // Стили для прямоугольника (таких же размеров, как кубик)\n  const rectangleStyle = {\n    width: '100px',\n    height: '100px',\n    backgroundColor: '#333', // Темно-серый, похожий на черный\n  };\n\n  return (\n    <div style={appStyle}>\n      <div style={cubeStyle}>\n        <div style={triangleStyle}></div>\n      </div>\n      <div style={rectangleStyle}></div>\n    </div>\n  );\n}\n\nexport default App;"
  },
  "stylesheets": [],
  "scripts": [],
  "cssPreset": "",
  "imports": {},
  "types": {},
  "tests": {
    "language": "typescript",
    "content": ""
  },
  "tools": {
    "enabled": "all",
    "active": "",
    "status": ""
  },
  "zoom": 1,
  "processors": [],
  "customSettings": {},
  "useTabs": false,
  "tabSize": 2,
  "lineNumbers": true,
  "wordWrap": false,
  "closeBrackets": true,
  "foldRegions": false,
  "semicolons": true,
  "singleQuote": false,
  "trailingComma": true,
  "emmet": true,
  "enableAI": false,
  "version": "46"
}